{
  "objects": [
    {
      "typeName": "skills",
      "name": "TEST_API-Integration - gut"
    },
    {
      "typeName": "skills",
      "name": "TEST_API-Integration - mittel"
    },
    {
      "typeName": "skills",
      "name": "TEST_API-Integration - schlecht"
    },
    {
      "typeName": "skills",
      "name": "TEST_UX-Kompetenz - gut"
    },
    {
      "typeName": "skills",
      "name": "TEST_UX-Kompetenz - mittel"
    },
    {
      "typeName": "skills",
      "name": "TEST_UX-Kompetenz - schlecht"
    },
    {
      "typeName": "skills",
      "name": "TEST_Cybersecurity - gut"
    },
    {
      "typeName": "skills",
      "name": "TEST_Cybersecurity - mittel"
    },
    {
      "typeName": "skills",
      "name": "TEST_Cybersecurity - schlecht"
    },
    {
      "typeName": "skills",
      "name": "TEST_Troubleshooting & Fehlerdiagnose - gut"
    },
    {
      "typeName": "skills",
      "name": "TEST_Troubleshooting & Fehlerdiagnose - mittel"
    },
    {
      "typeName": "skills",
      "name": "TEST_Troubleshooting & Fehlerdiagnose - schlecht"
    },
    {
      "typeName": "skills",
      "name": "TEST_Datenbankkenntnisse - gut"
    },
    {
      "typeName": "skills",
      "name": "TEST_Datenbankkenntnisse - mittel"
    },
    {
      "typeName": "skills",
      "name": "TEST_Datenbankkenntnisse - schlecht"
    },
    {
      "typeName": "skills",
      "name": "TEST_Netzwerkgrundlagen - gut"
    },
    {
      "typeName": "skills",
      "name": "TEST_Netzwerkgrundlagen - mittel"
    },
    {
      "typeName": "skills",
      "name": "TEST_Netzwerkgrundlagen - schlecht"
    },
    {
      "typeName": "skills",
      "name": "TEST_IT-Sicherheitswissen & Password Management - gut"
    },
    {
      "typeName": "skills",
      "name": "TEST_IT-Sicherheitswissen & Password Management - mittel"
    },
    {
      "typeName": "skills",
      "name": "TEST_IT-Sicherheitswissen & Password Management - schlecht"
    },
{
    "typeName": "user",
    "first-name": "TEST_Emily",
    "last-name": "TEST_Weber",
    "email": "TEST_emily.weber@example.de",
    "user-name": "TEST_emily.w"
},
  {
    "typeName": "user",
    "first-name": "TEST_David",
    "last-name": "TEST_Richter",
    "email": "TEST_david.richter@example.de",
    "user-name": "TEST_david.r"
},
  {
    "typeName": "user",
    "first-name": "TEST_Max",
    "last-name": "TEST_Koch",
    "email": "TEST_max.koch@example.de",
    "user-name": "TEST_max.k"
},
  {
    "typeName": "user",
    "first-name": "TEST_Sarah",
    "last-name": "TEST_Fischer",
    "email": "TEST_sarah.fischer@example.de",
    "user-name": "TEST_sarah.f"
},
  {
    "typeName": "user",
    "first-name": "TEST_Alex",
    "last-name": "TEST_Wagner",
    "email": "TEST_alex.wagner@example.de",
    "user-name": "TEST_alex.w"
},
  {
    "typeName": "user",
    "first-name": "TEST_Tom",
    "last-name": "TEST_Schmidt",
    "email": "TEST_tom.schmidt@example.de",
    "user-name": "TEST_tom.s"
},
  {
    "typeName": "user",
    "first-name": "TEST_Lisa",
    "last-name": "TEST_Müller",
    "email": "TEST_lisa.mueller@example.de",
    "user-name": "TEST_lisa.m"
},
{
    "typeName": "request",
    "subject": "TEST_Fehlermeldung beim Speichern",
    "description":  "Als Benutzer möchte ich Dateien ohne Fehlermeldungen speichern können, um meine Arbeit effizient abzuschließen."
},
  {
    "typeName": "request",
    "subject": "TEST_Phishing-Verdacht prüfen",
    "description":  "Als Benutzer möchte ich verdächtige E-Mails auf Sicherheitsrisiken prüfen lassen, um Phishing-Angriffe zu vermeiden."
},
  {
    "typeName": "request",
    "subject": "TEST_Datenbank-Optimierung für bessere Leistung",
    "description":  "Als Benutzer möchte ich, dass Berichte schneller laden, um meine Arbeit ohne Verzögerung durchführen zu können."
},
  {
    "typeName": "request",
    "subject": "TEST_Sichere Passworterstellung",
    "description":  "Als Benutzer möchte ich ein sicheres Passwort erstellen, das den Sicherheitsrichtlinien entspricht, um mein Konto zu schützen."
},
  {
    "typeName": "request",
    "subject": "TEST_Stabile VPN-Verbindung herstellen",
    "description":  "Als Benutzer möchte ich eine stabile VPN-Verbindung, um sicher und ohne Unterbrechung auf das Netzwerk zugreifen zu können."
},
  {
    "typeName": "request",
    "subject": "TEST_API-Anbindung an Drittanbietersystem",
    "description":  "Als Benutzer möchte ich eine API-Anbindung zu einem Drittanbietersystem herstellen, um Daten nahtlos zwischen den Systemen zu synchronisieren."
},
  {
    "typeName": "request",
    "subject": "TEST_Benutzerfreundlichkeit der Anwendung verbessern",
    "description":  "Als Benutzer möchte ich, dass die Anwendung benutzerfreundlicher gestaltet wird, um schneller und einfacher zu navigieren."
}
],
  "links": [
    {
      "mainObjectName": "TEST_Tom TEST_Schmidt",
      "linkedObjectName": "TEST_Fehlermeldung beim Speichern"
    },
    {
      "mainObjectName": "TEST_Tom TEST_Schmidt",
      "linkedObjectName": "TEST_UX-Kompetenz - mittel"
    },
     {
      "mainObjectName": "TEST_Tom TEST_Schmidt",
      "linkedObjectName": "TEST_Troubleshooting & Fehlerdiagnose - gut"
    },
      {
      "mainObjectName": "TEST_Alex TEST_Wagner",
      "linkedObjectName": "TEST_Datenbank-Optimierung für bessere Leistung"
    },
    {
      "mainObjectName": "TEST_Alex TEST_Wagner",
      "linkedObjectName": "TEST_Datenbankkenntnisse - gut"
    },
        {
      "mainObjectName": "TEST_Alex TEST_Wagner",
      "linkedObjectName": "TEST_Netzwerkgrundlagen - mittel"
    },
        {
      "mainObjectName": "TEST_David TEST_Richter",
      "linkedObjectName": "TEST_Cybersecurity - mittel"
    },
           {
      "mainObjectName": "TEST_David TEST_Richter",
      "linkedObjectName": "TEST_UX-Kompetenz - gut"
    },
           {
      "mainObjectName": "TEST_David TEST_Richter",
      "linkedObjectName": "TEST_IT-Sicherheitswissen & Password Management - schlecht"
    },
       {
      "mainObjectName": "TEST_David TEST_Richter",
      "linkedObjectName": "TEST_Benutzerfreundlichkeit der Anwendung verbessern"
    },
           {
      "mainObjectName": "TEST_Max TEST_Koch",
      "linkedObjectName": "TEST_Netzwerkgrundlagen - gut"
    },           {
      "mainObjectName": "TEST_Max TEST_Koch",
      "linkedObjectName": "TEST_API-Integration - schlecht"
    },           {
      "mainObjectName": "TEST_Max TEST_Koch",
      "linkedObjectName": "TEST_Datenbankkenntnisse - mittel"
    },
    {
      "mainObjectName": "TEST_Sarah TEST_Fischer",
      "linkedObjectName": "TEST_Sichere Passworterstellung"
    },           {
      "mainObjectName": "TEST_Sarah TEST_Fischer",
      "linkedObjectName": "TEST_Troubleshooting & Fehlerdiagnose - schlecht"
    },
    {
      "mainObjectName": "TEST_Sarah TEST_Fischer",
      "linkedObjectName": "TEST_IT-Sicherheitswissen & Password Management - gut"
    },
    {
      "mainObjectName": "TEST_Emily TEST_Weber",
      "linkedObjectName": "TEST_API-Anbindung an Drittanbietersystem"
    },
    {
      "mainObjectName": "TEST_Emily TEST_Weber",
      "linkedObjectName": "TEST_API-Integration - gut"
    },
    {
      "mainObjectName": "TEST_Lisa TEST_Müller",
      "linkedObjectName": "TEST_Phishing-Verdacht prüfen"
    },
    {
      "mainObjectName": "TEST_Lisa TEST_Müller",
      "linkedObjectName": "TEST_Datenbankkenntnisse - schlecht"
    },
    {
      "mainObjectName": "TEST_Lisa TEST_Müller",
      "linkedObjectName": "TEST_Cybersecurity - gut"
    }
  ]
}