[
    {
        "dataObject": {
            "system": {
                "id": "443285",
                "type-name": "skills",
                "creation-time": "2024-11-26T16:47:15.518584Z",
                "last-modified": "2024-11-30T17:10:02.1803Z",
                "display-name": "Troubleshooting & Fehlerdiagnose",
                "files": []
            },
            "name": "Troubleshooting & Fehlerdiagnose"
        }
    },
    {
        "dataObject": {
            "system": {
                "id": "443286",
                "type-name": "skills",
                "creation-time": "2024-11-26T16:47:45.613822Z",
                "last-modified": "2024-12-05T20:20:15.462657Z",
                "display-name": "Datenbankkenntnisse",
                "files": []
            },
            "name": "Datenbankkenntnisse"
        }
    },
    {
        "dataObject": {
            "system": {
                "id": "443287",
                "type-name": "skills",
                "creation-time": "2024-11-26T16:47:58.363316Z",
                "last-modified": "2024-12-05T21:22:21.747673Z",
                "display-name": "IT-Sicherheitswissen & Password Management",
                "files": []
            },
            "name": "IT-Sicherheitswissen & Password Management"
        }
    },
    {
        "dataObject": {
            "system": {
                "id": "443288",
                "type-name": "skills",
                "creation-time": "2024-11-26T16:48:10.601742Z",
                "last-modified": "2024-12-05T21:21:36.869013Z",
                "display-name": "Netzwerkgrundlagen",
                "files": []
            },
            "name": "Netzwerkgrundlagen"
        }
    },
    {
        "dataObject": {
            "system": {
                "id": "443289",
                "type-name": "skills",
                "creation-time": "2024-11-26T16:48:28.246549Z",
                "last-modified": "2024-12-05T21:21:58.06635Z",
                "display-name": "API-Integration",
                "files": []
            },
            "name": "API-Integration"
        }
    },
    {
        "dataObject": {
            "system": {
                "id": "443290",
                "type-name": "skills",
                "creation-time": "2024-11-26T16:48:35.862919Z",
                "last-modified": "2024-12-05T21:22:21.747673Z",
                "display-name": "Cybersecurity",
                "files": []
            },
            "name": "Cybersecurity"
        }
    },
    {
        "dataObject": {
            "system": {
                "id": "443291",
                "type-name": "skills",
                "creation-time": "2024-11-26T16:48:50.269519Z",
                "last-modified": "2024-12-05T21:22:21.747673Z",
                "display-name": "UX-Kompetenz",
                "files": []
            },
            "name": "UX-Kompetenz"
        }
    }
]