{
  "swagger" : "2.0",
  "info" : {
    "description" : "This API applies skill-based routing to workflow requests",
    "version" : "2025-02-12T11:27:41Z",
    "title" : "Skill-based Routing"
  },
  "host" : "p2ziecl1uh.execute-api.eu-central-1.amazonaws.com",
  "basePath" : "/get-routing",
  "schemes" : [ "https" ],
  "paths" : {
    "/auto-skill-routing" : {
      "post" : {
        "description" : "This POST endpoint processes incoming user requests and determines the required skills, retrieves request details, performs an AI-based skill analysis, assigns the request to the most suitable agent, and integrates with a Lambda function to execute the routing logic and return the appropriate response.",
        "consumes" : [ "application/json" ],
        "produces" : [ "application/json" ],
        "parameters" : [ {
          "in" : "body",
          "name" : "bodyWithRequiredID",
          "required" : true,
          "schema" : {
            "$ref" : "#/definitions/bodyWithRequiredID"
          }
        } ],
        "responses" : {
          "200" : {
            "description" : "200 response",
            "schema" : {
              "$ref" : "#/definitions/bodyWithRequiredID"
            }
          }
        }
      }
    },
    "/get-suitable-agent" : {
      "post" : {
        "description" : "This POST endpoint receives a request and identifies the most suitable agent based on skill matching. It retrieves the request details, analyzes the required skills, compares them with available agent skills, and returns the best-matching agent ID. The method integrates with a Lambda function to perform skill analysis and agent selection.",
        "consumes" : [ "application/json" ],
        "produces" : [ "application/json" ],
        "parameters" : [ {
          "in" : "body",
          "name" : "bodyWithRequiredID",
          "required" : true,
          "schema" : {
            "$ref" : "#/definitions/bodyWithRequiredID"
          }
        } ],
        "responses" : {
          "200" : {
            "description" : "200 response",
            "schema" : {
              "$ref" : "#/definitions/bodyWithRequiredID"
            }
          }
        }
      }
    }
  },
  "definitions" : {
    "bodyWithRequiredID" : {
      "type" : "object",
      "required" : [ "id" ],
      "properties" : {
        "id" : {
          "type" : "integer"
        }
      }
    }
  }
}